Codigo	Nombre	Tipo	Naturaleza	Descripcion	EsDetalle	TipoEstado
1	ACTIVO	asset	debit	ACTIVO	0	1
101	ACTIVO CORRIENTE	asset	debit	ACTIVO CORRIENTE	0	1
10101	EFECTIVO Y EQUIVALENTES AL EFECTIVO	asset	debit	EFECTIVO Y EQUIVALENTES AL EFECTIVO	1	1
10102	ACTIVOS FINANCIEROS	asset	debit	ACTIVOS FINANCIEROS	0	1
1010201	ACTIVOS FINANCIEROS A VALOR RAZONABLE CON CAMBIOS EN RESULTADOS	asset	debit	ACTIVOS FINANCIEROS A VALOR RAZONABLE CON CAMBIOS EN RESULTADOS	1	1
1010202	ACTIVOS FINANCIEROS DISPONIBLES PARA LA VENTA	asset	debit	ACTIVOS FINANCIEROS DISPONIBLES PARA LA VENTA	1	1
1010203	ACTIVOS FINANCIEROS MANTENIDOS HASTA EL VENCIMIENTO	asset	debit	ACTIVOS FINANCIEROS MANTENIDOS HASTA EL VENCIMIENTO	1	1
1010204	(-) PROVISION POR DETERIORO	asset	credit	(-) PROVISION POR DETERIORO	1	1
1010205	DOCUMENTOS Y CUENTAS POR COBRAR CLIENTES NO RELACIONADOS	asset	debit	DOCUMENTOS Y CUENTAS POR COBRAR CLIENTES NO RELACIONADOS	0	1
101020501	DE ACTIVIDADES ORDINARIAS QUE GENEREN INTERESES	asset	debit	DE ACTIVIDADES ORDINARIAS QUE GENEREN INTERESES	1	1
101020502	DE ACTIVIDADES ORDINARIAS QUE NO GENEREN INTERESES	asset	debit	DE ACTIVIDADES ORDINARIAS QUE NO GENEREN INTERESES	1	1
1010206	DOCUMENTOS Y CUENTAS POR COBRAR CLIENTES RELACIONADOS	asset	debit	DOCUMENTOS Y CUENTAS POR COBRAR CLIENTES RELACIONADOS	1	1
1010207	OTRAS CUENTAS POR COBRAR RELACIONADAS	asset	debit	OTRAS CUENTAS POR COBRAR RELACIONADAS	1	1
1010208	OTRAS CUENTAS POR COBRAR	asset	debit	OTRAS CUENTAS POR COBRAR	1	1
1010209	(-) PROVISIÓN CUENTAS INCOBRABLES Y DETERIORO	asset	credit	(-) PROVISIÓN CUENTAS INCOBRABLES Y DETERIORO	1	1
10103	INVENTARIOS	asset	debit	INVENTARIOS	0	1
1010301	INVENTARIOS DE MATERIA PRIMA	asset	debit	INVENTARIOS DE MATERIA PRIMA	1	1
1010302	INVENTARIOS DE PRODUCTOS EN PROCESO	asset	debit	INVENTARIOS DE PRODUCTOS EN PROCESO	1	1
1010303	INVENTARIOS DE SUMINISTROS O MATERIALES A SER CONSUMIDOS EN EL PROCESO DE PRODUCCIÓN	asset	debit	INVENTARIOS DE SUMINISTROS O MATERIALES A SER CONSUMIDOS EN EL PROCESO DE PRODUCCIÓN	1	1
1010304	INVENTARIOS DE SUMINISTROS O MATERIALES A SER CONSUMIDOS EN LA PRESTACIÓN DE SERVICIO	asset	debit	INVENTARIOS DE SUMINISTROS O MATERIALES A SER CONSUMIDOS EN LA PRESTACIÓN DE SERVICIO	1	1
1010305	INVENTARIOS DE PRODUCTOS TERMINADOS Y MERCADERIA EN ALMACÉN - PRODUCIDO POR LA COMPAÑÍA	asset	debit	INVENTARIOS DE PRODUCTOS TERMINADOS Y MERCADERIA EN ALMACÉN - PRODUCIDO POR LA COMPAÑÍA	1	1
1010306	INVENTARIOS DE PRODUCTOS TERMINADOS Y MERCADERIA EN ALMACÉN - COMPRADO DE TERCEROS	asset	debit	INVENTARIOS DE PRODUCTOS TERMINADOS Y MERCADERIA EN ALMACÉN - COMPRADO DE TERCEROS	1	1
1010307	MERCADERÍAS EN TRÁNSITO	asset	debit	MERCADERÍAS EN TRÁNSITO	1	1
1010308	OBRAS EN CONSTRUCCION	asset	debit	OBRAS EN CONSTRUCCION	1	1
1010309	OBRAS TERMINADAS	asset	debit	OBRAS TERMINADAS	1	1
1010310	MATERIALES O BIENES PARA LA CONSTRUCCIÓN	asset	debit	MATERIALES O BIENES PARA LA CONSTRUCCIÓN	1	1
1010311	INVENTARIOS REPUESTOS, HERRAMIENTAS Y ACCESORIOS	asset	debit	INVENTARIOS REPUESTOS, HERRAMIENTAS Y ACCESORIOS	1	1
1010312	OTROS INVENTARIOS	asset	debit	OTROS INVENTARIOS	1	1
1010313	(-) PROVISIÓN POR VALOR NETO DE REALIZACIÓN Y OTRAS PÉRDIDAS EN EL INVENTARIO	asset	credit	(-) PROVISIÓN POR VALOR NETO DE REALIZACIÓN Y OTRAS PÉRDIDAS EN EL INVENTARIO	1	1
10104	SERVICIOS Y OTROS PAGOS ANTICIPADOS	asset	debit	SERVICIOS Y OTROS PAGOS ANTICIPADOS	0	1
1010401	SEGUROS PAGADOS POR ANTICIPADO	asset	debit	SEGUROS PAGADOS POR ANTICIPADO	1	1
1010402	ARRIENDOS PAGADOS POR ANTICIPADO	asset	debit	ARRIENDOS PAGADOS POR ANTICIPADO	1	1
1010403	ANTICIPOS A PROVEEDORES	asset	debit	ANTICIPOS A PROVEEDORES	1	1
1010404	OTROS ANTICIPOS ENTREGADOS	asset	debit	OTROS ANTICIPOS ENTREGADOS	1	1
10105	ACTIVOS POR IMPUESTOS CORRIENTES	asset	debit	ACTIVOS POR IMPUESTOS CORRIENTES	0	1
1010501	CRÉDITO TRIBUTARIO A FAVOR DE LA EMPRESA (IVA)	asset	debit	CRÉDITO TRIBUTARIO A FAVOR DE LA EMPRESA (IVA)	1	1
1010502	CRÉDITO TRIBUTARIO A FAVOR DE LA EMPRESA ( I. R.)	asset	debit	CRÉDITO TRIBUTARIO A FAVOR DE LA EMPRESA ( I. R.)	1	1
1010503	ANTICIPO DE IMPUESTO A LA RENTA	asset	debit	ANTICIPO DE IMPUESTO A LA RENTA	1	1
10106	ACTIVOS NO CORRIENTES MANTENIDOS PARA LA VENTA Y OPERACIONES DISCONTINUADAS	asset	debit	ACTIVOS NO CORRIENTES MANTENIDOS PARA LA VENTA Y OPERACIONES DISCONTINUADAS	1	1
10107	CONSTRUCCIONES EN PROCESO (NIC 11 Y SECC.23 PYMES)	asset	debit	CONSTRUCCIONES EN PROCESO (NIC 11 Y SECC.23 PYMES)	1	1
10108	OTROS ACTIVOS CORRIENTES	asset	debit	OTROS ACTIVOS CORRIENTES	1	1
102	ACTIVO NO CORRIENTE	asset	debit	ACTIVO NO CORRIENTE	0	1
10201	PROPIEDADES, PLANTA Y EQUIPO	asset	debit	PROPIEDADES, PLANTA Y EQUIPO	0	1
1020101	TERRENOS	asset	debit	TERRENOS	1	1
1020102	EDIFICIOS	asset	debit	EDIFICIOS	1	1
1020103	CONTRUCCIONES EN CURSO	asset	debit	CONTRUCCIONES EN CURSO	1	1
1020104	INSTALACIONES	asset	debit	INSTALACIONES	1	1
1020105	MUEBLES Y ENSERES	asset	debit	MUEBLES Y ENSERES	1	1
1020106	MAQUINARIA Y EQUIPO	asset	debit	MAQUINARIA Y EQUIPO	1	1
1020107	NAVES, AERONAVES, BARCAZAS Y SIMILARES	asset	debit	NAVES, AERONAVES, BARCAZAS Y SIMILARES	1	1
1020108	EQUIPO DE COMPUTACIÓN	asset	debit	EQUIPO DE COMPUTACIÓN	1	1
1020109	VEHÍCULOS, EQUIPOS DE TRANSPORTE Y EQUIPO CAMINERO MÓVIL	asset	debit	VEHÍCULOS, EQUIPOS DE TRANSPORTE Y EQUIPO CAMINERO MÓVIL	1	1
1020110	OTROS PROPIEDADES, PLANTA Y EQUIPO	asset	debit	OTROS PROPIEDADES, PLANTA Y EQUIPO	1	1
1020111	REPUESTOS Y HERRAMIENTAS	asset	debit	REPUESTOS Y HERRAMIENTAS	1	1
1020112	(-) DEPRECIACIÓN ACUMULADA PROPIEDADES, PLANTA Y EQUIPO	asset	credit	(-) DEPRECIACIÓN ACUMULADA PROPIEDADES, PLANTA Y EQUIPO	1	1
1020113	(-) DETERIORO ACUMULADO DE PROPIEDADES, PLANTA Y EQUIPO	asset	credit	(-) DETERIORO ACUMULADO DE PROPIEDADES, PLANTA Y EQUIPO	1	1
1020114	ACTIVOS DE EXPLORACIÓN Y EXPLOTACIÓN	asset	debit	ACTIVOS DE EXPLORACIÓN Y EXPLOTACIÓN	0	1
102011401	ACTIVOS DE EXPLORACIÓN Y EXPLOTACIÓN	asset	debit	ACTIVOS DE EXPLORACIÓN Y EXPLOTACIÓN	1	1
102011402	(-) AMORTIZACIÓN ACUMULADA DE ACTIVOS DE EXLORACIÓN Y EXPLOTACIÓN	asset	credit	(-) AMORTIZACIÓN ACUMULADA DE ACTIVOS DE EXLORACIÓN Y EXPLOTACIÓN	1	1
102011403	(-) DETERIORO ACUMULADO DE ACTIVOS DE EXPLORACIÓN Y EXPLOTACIÓN	asset	credit	(-) DETERIORO ACUMULADO DE ACTIVOS DE EXPLORACIÓN Y EXPLOTACIÓN	1	1
10202	PROPIEDADES DE INVERSIÓN	asset	debit	PROPIEDADES DE INVERSIÓN	0	1
1020201	TERRENOS	asset	debit	TERRENOS	1	1
1020202	EDIFICIOS	asset	debit	EDIFICIOS	1	1
1020203	(-) DEPRECIACION ACUMULADA DE PROPIEDADES DE INVERSIÓN	asset	credit	(-) DEPRECIACION ACUMULADA DE PROPIEDADES DE INVERSIÓN	1	1
1020204	(-) DETERIORO ACUMULADO DE PROPIEDADES DE INVERSIÓN	asset	credit	(-) DETERIORO ACUMULADO DE PROPIEDADES DE INVERSIÓN	1	1
10203	ACTIVOS BIOLOGICOS	asset	debit	ACTIVOS BIOLOGICOS	0	1
1020301	ANIMALES VIVOS EN CRECIMIENTO	asset	debit	ANIMALES VIVOS EN CRECIMIENTO	1	1
1020302	ANIMALES VIVOS EN PRODUCCIÓN	asset	debit	ANIMALES VIVOS EN PRODUCCIÓN	1	1
1020303	PLANTAS EN CRECIMIENTO	asset	debit	PLANTAS EN CRECIMIENTO	1	1
1020304	PLANTAS EN PRODUCCIÓN	asset	debit	PLANTAS EN PRODUCCIÓN	1	1
1020305	(-) DEPRECIACIÓN ACUMULADA DE ACTIVOS BIOLÓGICOS	asset	credit	(-) DEPRECIACIÓN ACUMULADA DE ACTIVOS BIOLÓGICOS	1	1
1020306	(-) DETERIORO ACUMULADO DE ACTIVOS BIOLÓGICOS	asset	credit	(-) DETERIORO ACUMULADO DE ACTIVOS BIOLÓGICOS	1	1
10204	ACTIVO INTANGIBLE	asset	debit	ACTIVO INTANGIBLE	0	1
1020401	PLUSVALÍAS	asset	debit	PLUSVALÍAS	1	1
1020402	MARCAS, PATENTES, DERECHOS DE LLAVE, CUOTAS PATRIMONIALES Y OTROS SIMILARES	asset	debit	MARCAS, PATENTES, DERECHOS DE LLAVE, CUOTAS PATRIMONIALES Y OTROS SIMILARES	1	1
1020403	ACTIVOS DE EXPLORACION Y EXPLOTACION	asset	debit	ACTIVOS DE EXPLORACION Y EXPLOTACION	1	1
1020404	(-) AMORTIZACIÓN ACUMULADA DE ACTIVO INTANGIBLE	asset	credit	(-) AMORTIZACIÓN ACUMULADA DE ACTIVO INTANGIBLE	1	1
1020405	(-) DETERIORO ACUMULADO DE ACTIVO INTANGIBLE	asset	credit	(-) DETERIORO ACUMULADO DE ACTIVO INTANGIBLE	1	1
1020406	OTROS INTANGIBLES	asset	debit	OTROS INTANGIBLES	1	1
10205	ACTIVOS POR IMPUESTOS DIFERIDOS	asset	debit	ACTIVOS POR IMPUESTOS DIFERIDOS	1	1
10206	ACTIVOS FINANCIEROS NO CORRIENTES	asset	debit	ACTIVOS FINANCIEROS NO CORRIENTES	0	1
1020601	ACTIVOS FINANCIEROS MANTENIDOS HASTA EL VENCIMIENTO	asset	debit	ACTIVOS FINANCIEROS MANTENIDOS HASTA EL VENCIMIENTO	1	1
1020602	(-) PROVISIÓN POR DETERIORO DE ACTIVOS FINANCIEROS MANTENIDOS HASTA EL VENCIMIENTO	asset	credit	(-) PROVISIÓN POR DETERIORO DE ACTIVOS FINANCIEROS MANTENIDOS HASTA EL VENCIMIENTO	1	1
1020603	DOCUMENTOS Y CUENTAS POR COBRAR	asset	debit	DOCUMENTOS Y CUENTAS POR COBRAR	1	1
1020604	(-) PROVISIÓN CUENTAS INCOBRABLES DE ACTIVOS FINANCIEROS NO CORRIENTES	asset	credit	(-) PROVISIÓN CUENTAS INCOBRABLES DE ACTIVOS FINANCIEROS NO CORRIENTES	1	1
10207	OTROS ACTIVOS NO CORRIENTES	asset	debit	OTROS ACTIVOS NO CORRIENTES	0	1
1020701	INVERSIONES SUBSIDIARIAS	asset	debit	INVERSIONES SUBSIDIARIAS	1	1
1020702	INVERSIONES ASOCIADAS	asset	debit	INVERSIONES ASOCIADAS	1	1
1020703	INVERSIONES NEGOCIOS CONJUNTOS	asset	debit	INVERSIONES NEGOCIOS CONJUNTOS	1	1
1020704	OTRAS INVERSIONES	asset	debit	OTRAS INVERSIONES	1	1
1020705	(-) PROVISIÓN VALUACIÓN DE INVERSIONES	asset	credit	(-) PROVISIÓN VALUACIÓN DE INVERSIONES	1	1
1020706	OTROS ACTIVOS NO CORRIENTES	asset	debit	OTROS ACTIVOS NO CORRIENTES	1	1
2	PASIVO	liability	credit	PASIVO	0	1
201	PASIVO CORRIENTE	liability	credit	PASIVO CORRIENTE	0	1
20101	PASIVOS FINANCIEROS A VALOR RAZONABLE CON CAMBIOS EN RESULTADO	liability	credit	PASIVOS FINANCIEROS A VALOR RAZONABLE CON CAMBIOS EN RESULTADO	1	1
20102	PASIVOS POR CONTRATOS DE ARRENDAMIENTO FINANCIEROS	liability	credit	PASIVOS POR CONTRATOS DE ARRENDAMIENTO FINANCIEROS	1	1
20103	CUENTAS Y DOCUMENTOS POR PAGAR	liability	credit	CUENTAS Y DOCUMENTOS POR PAGAR	0	1
2010301	LOCALES	liability	credit	LOCALES	1	1
2010302	DEL EXTERIOR	liability	credit	DEL EXTERIOR	1	1
20104	OBLIGACIONES CON INSTITUCIONES FINANCIERAS	liability	credit	OBLIGACIONES CON INSTITUCIONES FINANCIERAS	0	1
2010401	LOCALES	liability	credit	LOCALES	1	1
2010402	DEL EXTERIOR	liability	credit	DEL EXTERIOR	1	1
20105	PROVISIONES	liability	credit	PROVISIONES	0	1
2010501	LOCALES	liability	credit	LOCALES	1	1
2010502	DEL EXTERIOR	liability	credit	DEL EXTERIOR	1	1
20106	PORCIÓN CORRIENTE DE OBLIGACIONES EMITIDAS	liability	credit	PORCIÓN CORRIENTE DE OBLIGACIONES EMITIDAS	1	1
20107	OTRAS OBLIGACIONES CORRIENTES	liability	credit	OTRAS OBLIGACIONES CORRIENTES	0	1
2010701	CON LA ADMINISTRACIÓN TRIBUTARIA	liability	credit	CON LA ADMINISTRACIÓN TRIBUTARIA	1	1
2010702	IMPUESTO A LA RENTA POR PAGAR DEL EJERCICIO	liability	credit	IMPUESTO A LA RENTA POR PAGAR DEL EJERCICIO	1	1
2010703	CON EL IESS	liability	credit	CON EL IESS	1	1
2010704	POR BENEFICIOS DE LEY A EMPLEADOS	liability	credit	POR BENEFICIOS DE LEY A EMPLEADOS	1	1
2010705	PARTICIPACIÓN TRABAJADORES POR PAGAR DEL EJERCICIO	liability	credit	PARTICIPACIÓN TRABAJADORES POR PAGAR DEL EJERCICIO	1	1
2010706	DIVIDENDOS POR PAGAR	liability	credit	DIVIDENDOS POR PAGAR	1	1
20108	CUENTAS POR PAGAR DIVERSAS – RELACIONADAS	liability	credit	CUENTAS POR PAGAR DIVERSAS – RELACIONADAS	1	1
20109	OTROS PASIVOS FINANCIEROS	liability	credit	OTROS PASIVOS FINANCIEROS	1	1
20110	ANTICIPOS DE CLIENTES	liability	credit	ANTICIPOS DE CLIENTES	1	1
20111	PASIVOS DIRECTAMENTE ASOCIADOS CON LOS ACTIVOS NO CORRIENTES Y OPERACIONES DISCONTINUADAS	liability	credit	PASIVOS DIRECTAMENTE ASOCIADOS CON LOS ACTIVOS NO CORRIENTES Y OPERACIONES DISCONTINUADAS	1	1
20112	PORCIÓN CORRIENTE DE PROVISIONES POR BENEFICIOS A EMPLEADOS	liability	credit	PORCIÓN CORRIENTE DE PROVISIONES POR BENEFICIOS A EMPLEADOS	0	1
2011201	JUBILACIÓN PATRONAL	liability	credit	JUBILACIÓN PATRONAL	1	1
2011202	OTROS BENEFICIOS A LARGO PLAZO PARA LOS EMPLEADOS	liability	credit	OTROS BENEFICIOS A LARGO PLAZO PARA LOS EMPLEADOS	1	1
20113	OTROS PASIVOS CORRIENTES	liability	credit	OTROS PASIVOS CORRIENTES	1	1
202	PASIVO NO CORRIENTE	liability	credit	PASIVO NO CORRIENTE	0	1
20201	PASIVOS POR CONTRATOS DE ARRENDAMIENTO FINANCIERO	liability	credit	PASIVOS POR CONTRATOS DE ARRENDAMIENTO FINANCIERO	1	1
20202	CUENTAS Y DOCUMENTOS POR PAGAR	liability	credit	CUENTAS Y DOCUMENTOS POR PAGAR	0	1
2020201	LOCALES	liability	credit	LOCALES	1	1
2020202	DEL EXTERIOR	liability	credit	DEL EXTERIOR	1	1
20203	OBLIGACIONES CON INSTITUCIONES FINANCIERAS	liability	credit	OBLIGACIONES CON INSTITUCIONES FINANCIERAS	0	1
2020301	LOCALES	liability	credit	LOCALES	1	1
2020302	DEL EXTERIOR	liability	credit	DEL EXTERIOR	1	1
20204	CUENTAS POR PAGAR DIVERSAS / RELACIONADAS	liability	credit	CUENTAS POR PAGAR DIVERSAS / RELACIONADAS	0	1
2020401	LOCALES	liability	credit	LOCALES	1	1
2020402	DEL EXTERIOR	liability	credit	DEL EXTERIOR	1	1
20205	OBLIGACIONES EMITIDAS	liability	credit	OBLIGACIONES EMITIDAS	1	1
20206	ANTICIPOS DE CLIENTES	liability	credit	ANTICIPOS DE CLIENTES	1	1
20207	PROVISIONES POR BENEFICIOS A EMPLEADOS	liability	credit	PROVISIONES POR BENEFICIOS A EMPLEADOS	0	1
2020701	JUBILACIÓN PATRONAL	liability	credit	JUBILACIÓN PATRONAL	1	1
2020702	OTROS BENEFICIOS NO CORRIENTES PARA LOS EMPLEADOS	liability	credit	OTROS BENEFICIOS NO CORRIENTES PARA LOS EMPLEADOS	1	1
20208	OTRAS PROVISIONES	liability	credit	OTRAS PROVISIONES	1	1
20209	PASIVO DIFERIDO	liability	credit	PASIVO DIFERIDO	0	1
2020901	INGRESOS DIFERIDOS	liability	credit	INGRESOS DIFERIDOS	1	1
2020902	PASIVOS POR IMPUESTOS DIFERIDOS	liability	credit	PASIVOS POR IMPUESTOS DIFERIDOS	1	1
20210	OTROS PASIVOS NO CORRIENTES	liability	credit	OTROS PASIVOS NO CORRIENTES	1	1
3	PATRIMONIO NETO	equity	credit	PATRIMONIO NETO	0	1
30	PATRIMONIO ATRIBUIBLE A LOS PROPIETARIOS DE LA CONTROLADORA	equity	credit	PATRIMONIO ATRIBUIBLE A LOS PROPIETARIOS DE LA CONTROLADORA	0	1
301	CAPITAL	equity	credit	CAPITAL	0	1
30101	CAPITAL SUSCRITO o ASIGNADO	equity	credit	CAPITAL SUSCRITO o ASIGNADO	1	1
30102	(-) CAPITAL SUSCRITO NO PAGADO, ACCIONES EN TESORERÍA	equity	debit	(-) CAPITAL SUSCRITO NO PAGADO, ACCIONES EN TESORERÍA	1	1
302	APORTES DE SOCIOS O ACCIONISTAS PARA FUTURA CAPITALIZACIÓN	equity	credit	APORTES DE SOCIOS O ACCIONISTAS PARA FUTURA CAPITALIZACIÓN	1	1
303	PRIMA POR EMISION PRIMARIA DE ACCIONES	equity	credit	PRIMA POR EMISION PRIMARIA DE ACCIONES	1	1
304	RESERVAS	equity	credit	RESERVAS	0	1
30401	RESERVA LEGAL	equity	credit	RESERVA LEGAL	1	1
30402	RESERVAS FACULTATIVA Y ESTATUTARIA	equity	credit	RESERVAS FACULTATIVA Y ESTATUTARIA	1	1
305	OTROS RESULTADOS INTEGRALES	equity	credit	OTROS RESULTADOS INTEGRALES	0	1
30501	SUPERAVIT DE ACTIVOS FINANCIEROS DISPONIBLES PARA LA VENTA	equity	credit	SUPERAVIT DE ACTIVOS FINANCIEROS DISPONIBLES PARA LA VENTA	1	1
30502	SUPERAVIT POR REVALUACIÓN DE PROPIEDADES, PLANTA Y EQUIPO	equity	credit	SUPERAVIT POR REVALUACIÓN DE PROPIEDADES, PLANTA Y EQUIPO	1	1
30503	SUPERAVIT POR REVALUACION DE ACTIVOS INTANGIBLES	equity	credit	SUPERAVIT POR REVALUACION DE ACTIVOS INTANGIBLES	1	1
30504	OTROS SUPERAVIT POR REVALUACION	equity	credit	OTROS SUPERAVIT POR REVALUACION	1	1
306	RESULTADOS ACUMULADOS	equity	credit	RESULTADOS ACUMULADOS	0	1
30601	GANACIAS ACUMULADAS	equity	credit	GANACIAS ACUMULADAS	1	1
30602	(-) PÉRDIDAS ACUMULADAS	equity	debit	(-) PÉRDIDAS ACUMULADAS	1	1
30603	RESULTADOS ACUMULADOS PROVENIENTES DE LA ADOPCIÓN POR PRIMERA VEZ DE LAS NIIF	equity	credit	RESULTADOS ACUMULADOS PROVENIENTES DE LA ADOPCIÓN POR PRIMERA VEZ DE LAS NIIF	1	1
30604	RESERVA DE CAPITAL	equity	credit	RESERVA DE CAPITAL	1	1
30605	RESERVA POR DONACIONES	equity	credit	RESERVA POR DONACIONES	1	1
30606	RESERVA POR VALUACIÓN	equity	credit	RESERVA POR VALUACIÓN	1	1
30607	SUPERÁVIT POR REVALUACIÓN DE INVERSIONES	equity	credit	SUPERÁVIT POR REVALUACIÓN DE INVERSIONES	1	1
307	RESULTADOS DEL EJERCICIO	equity	credit	RESULTADOS DEL EJERCICIO	0	1
30701	GANANCIA NETA DEL PERIODO	equity	credit	GANANCIA NETA DEL PERIODO	1	1
30702	(-) PÉRDIDA NETA DEL PERIODO	equity	debit	(-) PÉRDIDA NETA DEL PERIODO	1	1
31	PARTICIPACIÓN NO CONTROLADORA	equity	credit	PARTICIPACIÓN NO CONTROLADORA	1	1
41	INGRESOS DE ACTIVIDADES ORDINARIAS	income	credit	INGRESOS DE ACTIVIDADES ORDINARIAS	0	2
4101	VENTA DE BIENES	income	credit	VENTA DE BIENES	1	2
4102	PRESTACIÓN DE SERVICIOS	income	credit	PRESTACIÓN DE SERVICIOS	1	2
4103	CONTRATOS DE CONSTRUCCIÓN	income	credit	CONTRATOS DE CONSTRUCCIÓN	1	2
4104	SUBVENCIONES DEL GOBIERNO	income	credit	SUBVENCIONES DEL GOBIERNO	1	2
4105	REGALÍAS	income	credit	REGALÍAS	1	2
4106	INTERESES	income	credit	INTERESES	0	2
410601	INTERESES GENERADOS POR VENTAS A CRÉDITO	income	credit	INTERESES GENERADOS POR VENTAS A CRÉDITO	1	2
410602	OTROS INTERESES GENERADOS	income	credit	OTROS INTERESES GENERADOS	1	2
4107	DIVIDENDOS	income	credit	DIVIDENDOS	1	2
4108	GANANCIA POR MEDICIÓN A VALOR RAZONABLE DE ACTIVOS BIOLÓGICOS	income	credit	GANANCIA POR MEDICIÓN A VALOR RAZONABLE DE ACTIVOS BIOLÓGICOS	1	2
4109	OTROS INGRESOS DE ACTIVIDADES ORDINARIAS	income	credit	OTROS INGRESOS DE ACTIVIDADES ORDINARIAS	1	2
4110	(-) DESCUENTO EN VENTAS	income	debit	(-) DESCUENTO EN VENTAS	1	2
4111	(-) DEVOLUCIONES EN VENTAS	income	debit	(-) DEVOLUCIONES EN VENTAS	1	2
4112	(-) BONIFICACIÓN EN PRODUCTO	income	debit	(-) BONIFICACIÓN EN PRODUCTO	1	2
4113	(-) OTRAS REBAJAS COMERCIALES	income	debit	(-) OTRAS REBAJAS COMERCIALES	1	2
42	GANANCIA BRUTA --> Subtotal A (41 - 51)	expense	debit	GANANCIA BRUTA --> Subtotal A (41 - 51)	0	2
43	OTROS INGRESOS	income	credit	OTROS INGRESOS	0	2
4301	DIVIDENDOS	income	credit	DIVIDENDOS	1	2
4302	INTERESES FINANCIEROS	income	credit	INTERESES FINANCIEROS	1	2
4303	GANANCIA EN INVERSIONES EN ASOCIADAS / SUBSIDIARIAS Y OTRAS	income	credit	GANANCIA EN INVERSIONES EN ASOCIADAS / SUBSIDIARIAS Y OTRAS	1	2
4304	VALUACIÓN DE INSTRUMENTOS FINANCIEROS A VALOR RAZONABLE CON CAMBIO EN RESULTADOS	income	credit	VALUACIÓN DE INSTRUMENTOS FINANCIEROS A VALOR RAZONABLE CON CAMBIO EN RESULTADOS	1	2
4305	OTRAS RENTAS	income	credit	OTRAS RENTAS	1	2
51	COSTO DE VENTAS Y PRODUCCIÓN	cost	debit	COSTO DE VENTAS Y PRODUCCIÓN	0	2
5101	MATERIALES UTILIZADOS O PRODUCTOS VENDIDOS	cost	debit	MATERIALES UTILIZADOS O PRODUCTOS VENDIDOS	0	2
510101	(+) INVENTARIO INICIAL DE BIENES NO PRODUCIDOS POR LA COMPAÑÍA	cost	debit	(+) INVENTARIO INICIAL DE BIENES NO PRODUCIDOS POR LA COMPAÑÍA	1	2
510102	(+) COMPRAS NETAS LOCALES DE BIENES NO PRODUCIDOS POR LA COMPAÑÍA	cost	debit	(+) COMPRAS NETAS LOCALES DE BIENES NO PRODUCIDOS POR LA COMPAÑÍA	1	2
510103	(+) IMPORTACIONES DE BIENES NO PRODUCIDOS POR LA COMPAÑÍA	cost	debit	(+) IMPORTACIONES DE BIENES NO PRODUCIDOS POR LA COMPAÑÍA	1	2
510104	(-) INVENTARIO FINAL DE BIENES NO PRODUCIDOS POR LA COMPAÑÍA	cost	credit	(-) INVENTARIO FINAL DE BIENES NO PRODUCIDOS POR LA COMPAÑÍA	1	2
510105	(+) INVENTARIO INICIAL DE MATERIA PRIMA	cost	debit	(+) INVENTARIO INICIAL DE MATERIA PRIMA	1	2
510106	(+) COMPRAS NETAS LOCALES DE MATERIA PRIMA	cost	debit	(+) COMPRAS NETAS LOCALES DE MATERIA PRIMA	1	2
510107	(+) IMPORTACIONES DE MATERIA PRIMA	cost	debit	(+) IMPORTACIONES DE MATERIA PRIMA	1	2
510108	(-) INVENTARIO FINAL DE MATERIA PRIMA	cost	credit	(-) INVENTARIO FINAL DE MATERIA PRIMA	1	2
510109	(+) INVENTARIO INICIAL DE PRODUCTOS EN PROCESO	cost	debit	(+) INVENTARIO INICIAL DE PRODUCTOS EN PROCESO	1	2
510110	(-) INVENTARIO FINAL DE PRODUCTOS EN PROCESO	cost	credit	(-) INVENTARIO FINAL DE PRODUCTOS EN PROCESO	1	2
510111	(+) INVENTARIO INICIAL PRODUCTOS TERMINADOS	cost	debit	(+) INVENTARIO INICIAL PRODUCTOS TERMINADOS	1	2
510112	(-) INVENTARIO FINAL DE PRODUCTOS TERMINADOS	cost	credit	(-) INVENTARIO FINAL DE PRODUCTOS TERMINADOS	1	2
5102	(+) MANO DE OBRA DIRECTA	cost	debit	(+) MANO DE OBRA DIRECTA	0	2
510201	SUELDOS Y BENEFICIOS SOCIALES	cost	debit	SUELDOS Y BENEFICIOS SOCIALES	1	2
510202	GASTO PLANES DE BENEFICIOS A EMPLEADOS	cost	debit	GASTO PLANES DE BENEFICIOS A EMPLEADOS	1	2
5103	(+) MANO DE OBRA INDIRECTA	cost	debit	(+) MANO DE OBRA INDIRECTA	0	2
510301	SUELDOS Y BENEFICIOS SOCIALES	cost	debit	SUELDOS Y BENEFICIOS SOCIALES	1	2
510302	GASTO PLANES DE BENEFICIOS A EMPLEADOS	cost	debit	GASTO PLANES DE BENEFICIOS A EMPLEADOS	1	2
5104	(+) OTROS COSTOS INDIRECTOS DE FABRICACIÓN	cost	debit	(+) OTROS COSTOS INDIRECTOS DE FABRICACIÓN	0	2
510401	DEPRECIACIÓN PROPIEDADES, PLANTA Y EQUIPO	cost	debit	DEPRECIACIÓN PROPIEDADES, PLANTA Y EQUIPO	1	2
510402	DETERIORO O PÉRDIDAS DE ACTIVOS BIOLÓGICOS	cost	debit	DETERIORO O PÉRDIDAS DE ACTIVOS BIOLÓGICOS	1	2
510403	DETERIORO DE PROPIEDAD, PLANTA Y EQUIPO	cost	debit	DETERIORO DE PROPIEDAD, PLANTA Y EQUIPO	1	2
510404	EFECTO VALOR NETO DE REALIZACIÓN DE INVENTARIOS	cost	debit	EFECTO VALOR NETO DE REALIZACIÓN DE INVENTARIOS	1	2
510405	GASTO POR GARANTÍAS EN VENTA DE PRODUCTOS O SERVICIOS	cost	debit	GASTO POR GARANTÍAS EN VENTA DE PRODUCTOS O SERVICIOS	1	2
510406	MANTENIMIENTO Y REPARACIONES	cost	debit	MANTENIMIENTO Y REPARACIONES	1	2
510407	SUMINISTROS MATERIALES Y REPUESTOS	cost	debit	SUMINISTROS MATERIALES Y REPUESTOS	1	2
510408	OTROS COSTOS DE PRODUCCIÓN	cost	debit	OTROS COSTOS DE PRODUCCIÓN	1	2
52	GASTOS	expense	debit	GASTOS	0	2
5201	GASTOS	expense	debit	GASTOS	0	2
520101	SUELDOS, SALARIOS Y DEMÁS REMUNERACIONES	expense	debit	SUELDOS, SALARIOS Y DEMÁS REMUNERACIONES	1	2
520102	APORTES A LA SEGURIDAD SOCIAL (incluido fondo de reserva)	expense	debit	APORTES A LA SEGURIDAD SOCIAL (incluido fondo de reserva)	1	2
520103	BENEFICIOS SOCIALES E INDEMNIZACIONES	expense	debit	BENEFICIOS SOCIALES E INDEMNIZACIONES	1	2
520104	GASTO PLANES DE BENEFICIOS A EMPLEADOS	expense	debit	GASTO PLANES DE BENEFICIOS A EMPLEADOS	1	2
520105	HONORARIOS, COMISIONES Y DIETAS A PERSONAS NATURALES	expense	debit	HONORARIOS, COMISIONES Y DIETAS A PERSONAS NATURALES	1	2
520106	REMUNERACIONES A OTROS TRABAJADORES AUTÓNOMOS	expense	debit	REMUNERACIONES A OTROS TRABAJADORES AUTÓNOMOS	1	2
520107	HONORARIOS A EXTRANJEROS POR SERVICIOS OCASIONALES	expense	debit	HONORARIOS A EXTRANJEROS POR SERVICIOS OCASIONALES	1	2
520108	MANTENIMIENTO Y REPARACIONES	expense	debit	MANTENIMIENTO Y REPARACIONES	1	2
520109	ARRENDAMIENTO OPERATIVO	expense	debit	ARRENDAMIENTO OPERATIVO	1	2
520110	COMISIONES	expense	debit	COMISIONES	1	2
520111	PROMOCIÓN Y PUBLICIDAD	expense	debit	PROMOCIÓN Y PUBLICIDAD	1	2
520112	COMBUSTIBLES	expense	debit	COMBUSTIBLES	1	2
520113	LUBRICANTES	expense	debit	LUBRICANTES	1	2
520114	SEGUROS Y REASEGUROS (primas y cesiones)	expense	debit	SEGUROS Y REASEGUROS (primas y cesiones)	1	2
520115	TRANSPORTE	expense	debit	TRANSPORTE	1	2
520116	GASTOS DE GESTIÓN (agasajos a accionistas, trabajadores y clientes)	expense	debit	GASTOS DE GESTIÓN (agasajos a accionistas, trabajadores y clientes)	1	2
520117	GASTOS DE VIAJE	expense	debit	GASTOS DE VIAJE	1	2
520118	AGUA, ENERGÍA, LUZ Y TELECOMUNICACIONES	expense	debit	AGUA, ENERGÍA, LUZ Y TELECOMUNICACIONES	1	2
520119	NOTARIOS Y REGISTRADORES DE LA PROPIEDAD O MERCANTILES	expense	debit	NOTARIOS Y REGISTRADORES DE LA PROPIEDAD O MERCANTILES	1	2
520120	ELIMINADO	expense	debit	ELIMINADO	1	2
520121	DEPRECIACIONES	expense	debit	DEPRECIACIONES	0	2
52012101	PROPIEDADES, PLANTA Y EQUIPO	expense	debit	PROPIEDADES, PLANTA Y EQUIPO	1	2
52012102	PROPIEDADES DE INVERSIÓN	expense	debit	PROPIEDADES DE INVERSIÓN	1	2
520122	AMORTIZACIONES	expense	debit	AMORTIZACIONES	0	2
52012201	INTANGIBLES	expense	debit	INTANGIBLES	1	2
52012202	OTROS ACTIVOS	expense	debit	OTROS ACTIVOS	1	2
520123	GASTO DETERIORO	expense	debit	GASTO DETERIORO	0	2
52012301	PROPIEDADES, PLANTA Y EQUIPO	expense	debit	PROPIEDADES, PLANTA Y EQUIPO	1	2
52012302	ELIMINADO	expense	debit	ELIMINADO	1	2
52012303	ELIMINADO	expense	debit	ELIMINADO	1	2
52012304	ELIMINADO	expense	debit	ELIMINADO	1	2
52012305	ELIMINADO	expense	debit	ELIMINADO	1	2
52012306	OTROS ACTIVOS	expense	debit	OTROS ACTIVOS	1	2
520124	GASTOS POR CANTIDADES ANORMALES DE UTILIZACIÓN EN EL PROCESO DE PRODUCCIÓN	expense	debit	GASTOS POR CANTIDADES ANORMALES DE UTILIZACIÓN EN EL PROCESO DE PRODUCCIÓN	0	2
52012401	MANO DE OBRA	expense	debit	MANO DE OBRA	1	2
52012402	MATERIALES	expense	debit	MATERIALES	1	2
52012403	COSTOS DE PRODUCCIÓN	expense	debit	COSTOS DE PRODUCCIÓN	1	2
520125	GASTO POR REESTRUCTURACIÓN	expense	debit	GASTO POR REESTRUCTURACIÓN	1	2
520126	VALOR NETO DE REALIZACIÓN DE INVENTARIOS	expense	debit	VALOR NETO DE REALIZACIÓN DE INVENTARIOS	1	2
520127	ELIMINADO	expense	debit	ELIMINADO	1	2
520128	OTROS GASTOS	expense	debit	OTROS GASTOS	1	2
5202	GASTOS	expense	debit	GASTOS	0	2
520201	SUELDOS, SALARIOS Y DEMÁS REMUNERACIONES	expense	debit	SUELDOS, SALARIOS Y DEMÁS REMUNERACIONES	1	2
520202	APORTES A LA SEGURIDAD SOCIAL (incluido fondo de reserva)	expense	debit	APORTES A LA SEGURIDAD SOCIAL (incluido fondo de reserva)	1	2
520203	BENEFICIOS SOCIALES E INDEMNIZACIONES	expense	debit	BENEFICIOS SOCIALES E INDEMNIZACIONES	1	2
520204	GASTO PLANES DE BENEFICIOS A EMPLEADOS	expense	debit	GASTO PLANES DE BENEFICIOS A EMPLEADOS	1	2
520205	HONORARIOS, COMISIONES Y DIETAS A PERSONAS NATURALES	expense	debit	HONORARIOS, COMISIONES Y DIETAS A PERSONAS NATURALES	1	2
520206	REMUNERACIONES A OTROS TRABAJADORES AUTÓNOMOS	expense	debit	REMUNERACIONES A OTROS TRABAJADORES AUTÓNOMOS	1	2
520207	HONORARIOS A EXTRANJEROS POR SERVICIOS OCASIONALES	expense	debit	HONORARIOS A EXTRANJEROS POR SERVICIOS OCASIONALES	1	2
520208	MANTENIMIENTO Y REPARACIONES	expense	debit	MANTENIMIENTO Y REPARACIONES	1	2
520209	ARRENDAMIENTO OPERATIVO	expense	debit	ARRENDAMIENTO OPERATIVO	1	2
520210	COMISIONES	expense	debit	COMISIONES	1	2
520211	ELIMINADO	expense	debit	ELIMINADO	1	2
520212	COMBUSTIBLES	expense	debit	COMBUSTIBLES	1	2
520213	LUBRICANTES	expense	debit	LUBRICANTES	1	2
520214	SEGUROS Y REASEGUROS (primas y cesiones)	expense	debit	SEGUROS Y REASEGUROS (primas y cesiones)	1	2
520215	TRANSPORTE	expense	debit	TRANSPORTE	1	2
520216	GASTOS DE GESTIÓN (agasajos a accionistas, trabajadores y clientes)	expense	debit	GASTOS DE GESTIÓN (agasajos a accionistas, trabajadores y clientes)	1	2
520217	GASTOS DE VIAJE	expense	debit	GASTOS DE VIAJE	1	2
520218	AGUA, ENERGÍA, LUZ Y TELECOMUNICACIONES	expense	debit	AGUA, ENERGÍA, LUZ Y TELECOMUNICACIONES	1	2
520219	NOTARIOS Y REGISTRADORES DE LA PROPIEDAD O MERCANTILES	expense	debit	NOTARIOS Y REGISTRADORES DE LA PROPIEDAD O MERCANTILES	1	2
520220	IMPUESTOS, CONTRIBUCIONES Y OTROS	expense	debit	IMPUESTOS, CONTRIBUCIONES Y OTROS	1	2
520221	DEPRECIACIONES	expense	debit	DEPRECIACIONES	0	2
52022101	PROPIEDADES, PLANTA Y EQUIPO	expense	debit	PROPIEDADES, PLANTA Y EQUIPO	1	2
52022102	PROPIEDADES DE INVERSIÓN	expense	debit	PROPIEDADES DE INVERSIÓN	1	2
520222	AMORTIZACIONES	expense	debit	AMORTIZACIONES	0	2
52022201	INTANGIBLES	expense	debit	INTANGIBLES	1	2
52022202	OTROS ACTIVOS	expense	debit	OTROS ACTIVOS	1	2
520223	GASTO DETERIORO	expense	debit	GASTO DETERIORO	0	2
52022301	PROPIEDADES, PLANTA Y EQUIPO	expense	debit	PROPIEDADES, PLANTA Y EQUIPO	1	2
52022302	INVENTARIOS	expense	debit	INVENTARIOS	1	2
52022303	INSTRUMENTOS FINANCIEROS	expense	debit	INSTRUMENTOS FINANCIEROS	1	2
52022304	INTANGIBLES	expense	debit	INTANGIBLES	1	2
52022305	CUENTAS POR COBRAR	expense	debit	CUENTAS POR COBRAR	1	2
52022306	OTROS ACTIVOS	expense	debit	OTROS ACTIVOS	1	2
520224	GASTOS POR CANTIDADES ANORMALES DE UTILIZACIÓN EN EL PROCESO DE PRODUCCIÓN	expense	debit	GASTOS POR CANTIDADES ANORMALES DE UTILIZACIÓN EN EL PROCESO DE PRODUCCIÓN	0	2
52022401	MANO DE OBRA	expense	debit	MANO DE OBRA	1	2
52022402	MATERIALES	expense	debit	MATERIALES	1	2
52022403	COSTOS DE PRODUCCIÓN	expense	debit	COSTOS DE PRODUCCIÓN	1	2
520225	GASTO POR REESTRUCTURACIÓN	expense	debit	GASTO POR REESTRUCTURACIÓN	1	2
520226	VALOR NETO DE REALIZACIÓN DE INVENTARIOS	expense	debit	VALOR NETO DE REALIZACIÓN DE INVENTARIOS	1	2
520227	GASTO IMPUESTO A LA RENTA (ACTIVOS Y PASIVOS DIFERIDOS)	expense	debit	GASTO IMPUESTO A LA RENTA (ACTIVOS Y PASIVOS DIFERIDOS)	1	2
520228	OTROS GASTOS	expense	debit	OTROS GASTOS	1	2
5203	GASTOS FINANCIEROS	expense	debit	GASTOS FINANCIEROS	0	2
520301	INTERESES	expense	debit	INTERESES	1	2
520302	COMISIONES	expense	debit	COMISIONES	1	2
520303	GASTOS DE FINANCIAMIENTO DE ACTIVOS	expense	debit	GASTOS DE FINANCIAMIENTO DE ACTIVOS	1	2
520304	DIFERENCIA EN CAMBIO	expense	debit	DIFERENCIA EN CAMBIO	1	2
520305	OTROS GASTOS FINANCIEROS	expense	debit	OTROS GASTOS FINANCIEROS	1	2
5204	OTROS GASTOS	expense	debit	OTROS GASTOS	0	2
520401	PERDIDA EN INVERSIONES EN ASOCIADAS / SUBSIDIARIAS Y OTRAS	expense	debit	PERDIDA EN INVERSIONES EN ASOCIADAS / SUBSIDIARIAS Y OTRAS	1	2
520402	OTROS	expense	debit	OTROS	1	2
60	GANANCIA (PÉRDIDA) ANTES DE 15% A TRABAJADORES E IMPUESTO A LA RENTA DE OPERACIONES CONTINUADAS --> Subtotal B (A + 43 - 52)	expense	debit	GANANCIA (PÉRDIDA) ANTES DE 15% A TRABAJADORES E IMPUESTO A LA RENTA DE OPERACIONES CONTINUADAS --> Subtotal B (A + 43 - 52)	0	2
61	15% PARTICIPACIÓN TRABAJADORES	expense	debit	15% PARTICIPACIÓN TRABAJADORES	1	2
62	GANANCIA (PÉRDIDA) ANTES DE IMPUESTOS --> Subtotal C (B - 61)	expense	debit	GANANCIA (PÉRDIDA) ANTES DE IMPUESTOS --> Subtotal C (B - 61)	0	2
63	IMPUESTO A LA RENTA CAUSADO	expense	debit	IMPUESTO A LA RENTA CAUSADO	1	2
64	GANANCIA (PÉRDIDA) DE OPERACIONES CONTINUADAS ANTES DEL IMPUESTO DIFERIDO --> Subtotal D (C - 63)	expense	debit	GANANCIA (PÉRDIDA) DE OPERACIONES CONTINUADAS ANTES DEL IMPUESTO DIFERIDO --> Subtotal D (C - 63)	0	2
65	(-) GASTO POR IMPUESTO DIFERIDO	expense	credit	(-) GASTO POR IMPUESTO DIFERIDO	1	2
66	(+) INGRESO POR IMPUESTO DIFERIDO	expense	debit	(+) INGRESO POR IMPUESTO DIFERIDO	1	2
67	GANANCIA (PÉRDIDA) DE OPERACIONES CONTINUADAS	expense	debit	GANANCIA (PÉRDIDA) DE OPERACIONES CONTINUADAS	0	2
71	INGRESOS POR OPERACIONES DISCONTINUADAS	income	credit	INGRESOS POR OPERACIONES DISCONTINUADAS	1	2
72	GASTOS POR OPERACIONES DISCONTINUADAS	expense	debit	GASTOS POR OPERACIONES DISCONTINUADAS	1	2
73	GANANCIA (PÉRDIDA) ANTES DE 15% A TRABAJADORES E IMPUESTO A LA RENTA DE OPERACIONES DISCONTINUADAS --> Subtotal E (71 - 72)	expense	debit	GANANCIA (PÉRDIDA) ANTES DE 15% A TRABAJADORES E IMPUESTO A LA RENTA DE OPERACIONES DISCONTINUADAS --> Subtotal E (71 - 72)	0	2
74	15% PARTICIPACIÓN TRABAJADORES	expense	debit	15% PARTICIPACIÓN TRABAJADORES	1	2
75	GANANCIA (PÉRDIDA) ANTES DE IMPUESTOS DE OPERACIONES DISCONTINUADAS --> Subtotal F (E - 74)	expense	debit	GANANCIA (PÉRDIDA) ANTES DE IMPUESTOS DE OPERACIONES DISCONTINUADAS --> Subtotal F (E - 74)	0	2
76	IMPUESTO A LA RENTA CAUSADO	expense	debit	IMPUESTO A LA RENTA CAUSADO	1	2
77	GANANCIA (PÉRDIDA) DE OPERACIONES DISCONTINUADAS --> Subtotal G (F - 76)	expense	debit	GANANCIA (PÉRDIDA) DE OPERACIONES DISCONTINUADAS --> Subtotal G (F - 76)	0	2
79	GANANCIA (PÉRDIDA) NETA DEL PERIODO --> Subtotal H (D + G)	expense	debit	GANANCIA (PÉRDIDA) NETA DEL PERIODO --> Subtotal H (D + G)	0	2
7901	PROPIETARIOS DE LA CONTROLADORA	expense	debit	PROPIETARIOS DE LA CONTROLADORA	1	2
7902	PARTICIPACIÓN ATRIBUIBLE A LA NO CONTROLADORA (informativo)	expense	debit	PARTICIPACIÓN ATRIBUIBLE A LA NO CONTROLADORA (informativo)	1	2
81	COMPONENTES DEL OTRO RESULTADO INTEGRAL	expense	debit	COMPONENTES DEL OTRO RESULTADO INTEGRAL	0	2
8101	DIFERENCIA DE CAMBIO POR CONVERSIÓN	expense	debit	DIFERENCIA DE CAMBIO POR CONVERSIÓN	1	2
8102	VALUACIÓN DE ACTIVOS FINANCIEROS DISPONIBLES PARA LA VENTA	expense	debit	VALUACIÓN DE ACTIVOS FINANCIEROS DISPONIBLES PARA LA VENTA	1	2
8103	GANANCIAS POR REVALUACIÓN DE PROPIEDADES, PLANTA Y EQUIPO	expense	debit	GANANCIAS POR REVALUACIÓN DE PROPIEDADES, PLANTA Y EQUIPO	1	2
8104	GANANCIAS (PÉRDIDAS) ACTUARIALES POR PLANES DE BENEFICIOS DEFINIDOS	expense	debit	GANANCIAS (PÉRDIDAS) ACTUARIALES POR PLANES DE BENEFICIOS DEFINIDOS	1	2
8105	REVERSIÓN DEL DETERIORO (PÉRDIDA POR DETERIORO) DE UN ACTIVO REVALUADO	expense	credit	REVERSIÓN DEL DETERIORO (PÉRDIDA POR DETERIORO) DE UN ACTIVO REVALUADO	1	2
8106	PARTICIPACIÓN DE OTRO RESULTADO INTEGRAL DE ASOCIADAS	expense	debit	PARTICIPACIÓN DE OTRO RESULTADO INTEGRAL DE ASOCIADAS	1	2
8107	IMPUESTO SOBRE LAS GANACIAS RELATIVO A OTRO RESULTADO INTEGRAL	expense	debit	IMPUESTO SOBRE LAS GANACIAS RELATIVO A OTRO RESULTADO INTEGRAL	1	2
8108	OTROS (DETALLAR EN NOTAS)	expense	debit	OTROS (DETALLAR EN NOTAS)	1	2
82	RESULTADO INTEGRAL TOTAL DEL AÑO --> Subtotal I (H + 81)	expense	debit	RESULTADO INTEGRAL TOTAL DEL AÑO --> Subtotal I (H + 81)	0	2
8201	PROPIETARIOS DE LA CONTROLADORA	expense	debit	PROPIETARIOS DE LA CONTROLADORA	1	2
8202	PARTICIPACIÓN NO CONTROLADORA (informativo)	expense	debit	PARTICIPACIÓN NO CONTROLADORA (informativo)	1	2
90	GANANCIA POR ACCIÓN (SOLO EMPRESAS QUE COTIZAN EN BOLSA)	expense	debit	GANANCIA POR ACCIÓN (SOLO EMPRESAS QUE COTIZAN EN BOLSA)	0	2
9001	GANANCIA POR ACCIÓN BÁSICA	expense	debit	GANANCIA POR ACCIÓN BÁSICA	0	2
900101	GANANCIA POR ACCIÓN BÁSICA EN OPERACIONES CONTINUADAS	expense	debit	GANANCIA POR ACCIÓN BÁSICA EN OPERACIONES CONTINUADAS	1	2
900102	GANANCIA POR ACCIÓN BÁSICA EN OPERACIONES DISCONTINUADAS	expense	debit	GANANCIA POR ACCIÓN BÁSICA EN OPERACIONES DISCONTINUADAS	1	2
9002	GANANCIA POR ACCIÓN DILUÍDA	expense	debit	GANANCIA POR ACCIÓN DILUÍDA	0	2
900201	GANANCIA POR ACCIÓN DILUÍDA EN OPERACIONES CONTINUADAS	expense	debit	GANANCIA POR ACCIÓN DILUÍDA EN OPERACIONES CONTINUADAS	1	2
900202	GANANCIA POR ACCIÓN DILUÍDA EN OPERACIONES DISCONTINUADAS	expense	debit	GANANCIA POR ACCIÓN DILUÍDA EN OPERACIONES DISCONTINUADAS	1	2
91	UTILIDAD A REINVERTIR (INFORMATIVO)	expense	debit	UTILIDAD A REINVERTIR (INFORMATIVO)	1	2
